#{"t_start": 1632852963.1907115, "env_id": "OrderExecutionEnvironment-v0"}
r,l,t
0.00634,2,2.726579
-0.072825,8,3.250023
-0.013953,1,3.310226
0.018058,7,3.762283
-0.006397,3,3.94852
-0.058036,3,4.13063
-0.020371,2,4.250337
0.02541,2,4.396288
-0.003934,5,4.72443
-0.039732,3,4.909429
0.012384,4,5.192476
-0.014615,3,5.380365
-0.151508,4,5.645226
-0.039644,3,5.842046
-0.022641,7,6.290587
-0.030268,2,6.413331
-0.079259,5,6.742751
-0.026536,6,7.116315
0.039266,7,7.582176
0.063546,5,7.912186
0.048928,2,8.064832
-0.005629,1,8.145998
0.023207,2,8.278682
0.031093,2,8.404814
0.010161,4,8.671334
0.021828,3,8.866775
0.069577,2,9.000937
0.003551,5,9.352727
-0.10092,4,9.586046
0.030896,7,10.048147
0.001671,7,10.503492
0.012867,4,10.777721
0.018478,2,10.91272
-0.004779,6,11.310921
-0.005483,3,11.507596
0.002775,4,11.745683
0.077948,2,11.880096
-0.041805,1,11.966784
-0.050758,5,12.27414
-0.042829,4,12.532259
0.009522,4,12.799273
-0.148465,4,13.051795
-0.024966,2,13.183908
-0.030902,6,13.546724
0.002571,2,13.67499
0.119274,5,13.970458
-0.101242,2,14.106339
-0.077572,4,14.380533
0.077753,2,14.51417
-7.3e-05,4,14.762606
-0.003036,5,15.110655
0.02007,5,15.44033
0.012232,1,15.504367
0.149577,2,15.653853
-0.034276,5,15.989923
0.016478,3,16.203513
0.031612,3,16.401902
-0.07507,2,16.538866
-0.047753,1,16.625102
0.017749,4,16.887017
0.013537,2,17.016826
0.017863,1,17.090716
0.091624,2,17.229966
-0.001241,3,17.430742
0.045585,2,17.555036
-0.043048,3,17.755435
-0.043723,2,17.881451
0.032911,5,18.195143
-0.047742,6,18.588583
0.021172,3,18.779896
0.040876,4,19.036041
0.012263,5,19.353979
0.060905,3,19.567236
-0.03627,5,19.883886
-0.028077,2,20.016268
-0.010989,6,20.402946
0.121082,1,20.471722
-0.010367,2,20.595548
0.017866,10,21.245698
0.01295,2,21.37561
-0.010579,4,21.627783
-0.014795,1,21.697305
0.009559,4,21.952308
-0.010488,2,22.080356
0.046022,6,22.47403
-0.009703,3,22.677717
-0.065329,2,22.819687
-0.006509,3,22.998341
-0.005685,1,23.067297
0.020851,4,23.329439
0.037477,5,23.649851
0.059737,4,23.913132
0.002397,3,24.113845
-0.048969,4,24.362182
0.011795,5,24.695081
-0.09088,2,24.833894
-0.018329,3,25.020332
-0.031585,2,25.153372
0.012225,3,25.386672
-0.013208,5,25.711003
-0.286428,2,25.8462
-0.212008,3,26.026266
0.000784,4,26.288679
-0.014777,3,26.522819
0.031284,6,26.946971
-0.221278,3,27.127077
-0.044354,1,27.206218
-0.007602,7,27.633758
-0.09881,4,27.886184
0.05363,5,28.226097
-0.027619,2,28.356067
-0.03542,4,28.61761
0.022602,2,28.750946
-0.023843,2,28.896005
-0.075103,2,29.030144
-0.015011,3,29.231204
-0.022699,4,29.501304
-0.07836,4,29.772465
0.014563,3,29.960634
-0.053034,2,30.085073
0.035013,4,30.342585
0.00453,4,30.597223
-0.015025,3,30.785582
0.005176,3,30.982696
-0.017351,5,31.314098
-0.242152,2,31.442686
0.031901,1,31.512945
-0.070509,5,31.844855
-0.045948,5,32.158972
-0.013334,2,32.278227
0.090534,3,32.486259
-0.010488,4,32.742058
-0.020129,4,32.999616
-0.021367,4,33.254441
-0.004783,4,33.533519
-0.015576,2,33.675179
0.018538,5,34.01618
0.120539,2,34.166156
0.15035,3,34.369495
0.002072,5,34.676116
0.030641,5,34.995325
-0.001924,3,35.2067
0.022502,4,35.484845
0.073968,3,35.689252
-0.041034,3,35.886231
-0.06651,1,35.956098
-0.00189,1,36.036831
-0.011994,4,36.288823
0.073792,4,36.537439
0.021993,3,36.747413
0.030339,2,36.883821
-0.030953,2,37.026753
-0.116566,2,37.15792
-0.027436,4,37.418954
0.037853,3,37.622472
0.024711,4,37.912202
0.008712,3,38.138982
0.005273,2,38.283557
-0.03834,2,38.425776
-0.047332,1,38.491007
-0.013446,4,38.767408
0.06481,2,38.901415
-0.123009,2,39.043969
0.056082,1,39.118263
-0.039308,4,39.376534
0.00247,4,39.641276
0.03726,2,39.756866
-0.004304,2,39.903376
0.004493,1,39.984956
0.044269,2,40.108892
-0.036086,2,40.246206
0.013572,2,40.381675
0.031965,1,40.450212
0.106696,4,40.703999
-0.023654,1,40.786182
-0.00656,3,40.983169
0.037482,4,41.23948
0.018047,2,41.391438
0.021541,3,41.579276
-0.051339,4,41.815809
0.023558,6,42.198836
-0.010261,4,42.462768
0.017683,3,42.633861
0.031798,3,42.824275
0.014079,3,43.024265
-0.020241,3,43.222752
-0.016546,6,43.600057
-0.010258,2,43.742806
-0.060381,3,43.937783
-0.05733,7,44.361644
0.02251,2,44.499011
-0.013351,2,44.615903
-0.173507,3,44.832493
0.010211,2,44.957524
-0.108154,6,45.335343
0.020527,1,45.398584
0.00819,5,45.715517
-0.206638,2,45.863011
-0.039473,1,45.9358
0.172191,2,46.064758
-0.060869,1,46.127258
-0.023552,5,46.44318
0.05708,1,46.507067
-0.026542,4,46.744333
-0.035779,2,46.870882
-0.004098,4,47.129408
0.017848,1,47.189143
-0.005768,4,47.446815
-0.062012,6,47.845168
0.001002,4,48.093193
0.040691,2,48.215667
-0.012974,3,48.425108
-0.031385,2,48.588294
0.010231,7,49.029814
-0.049952,2,49.176741
-0.023133,6,49.558364
-0.024995,2,49.697396
0.075303,2,49.82505
-0.029696,2,49.96907
-0.036898,3,50.156369
0.021947,2,50.29393
0.064585,3,50.496423
-0.147574,6,50.866776
-0.00044,3,51.067462
-0.023335,4,51.331303
0.049869,4,51.582996
-0.019474,3,51.76818
-0.034114,4,52.030643
-0.119565,4,52.279215
-0.041225,3,52.47253
-0.109559,1,52.53561
0.028791,5,52.851568
0.048431,2,53.002484
0.047428,3,53.184003
-0.073348,1,53.245983
-0.060117,4,53.50441
-0.167087,2,53.630337
-0.118924,2,53.746055
-0.001943,3,53.953237
0.093784,1,54.017396
-0.034872,5,54.35087
-0.019443,2,54.496334
-0.009417,1,54.55395
0.003927,1,54.626488
0.003397,2,54.763354
0.000101,3,54.952196
-0.092339,4,55.210381
-0.003644,6,55.603541
-0.004242,7,56.057807
-0.035293,2,56.199143
-0.014295,1,56.263252
0.021673,5,56.582179
-0.115958,1,56.642982
0.009321,2,56.774542
0.041166,1,56.833601
-0.017403,4,57.098216
-0.10454,5,57.402103
0.017621,3,57.602852
-0.02019,3,57.801299
-0.032809,6,58.18409
-0.001444,3,58.398425
-0.049403,1,58.465601
-0.076705,3,58.66605
-0.016622,2,58.802641
-0.05677,2,58.927127
-0.012795,2,59.069529
0.039541,5,59.41171
-0.013499,3,59.61039
0.047295,2,59.731584
-0.018995,5,60.043357
0.026234,2,60.169508
-0.004533,5,60.494432
0.03388,5,60.807588
-0.146858,6,61.176569
0.002354,1,61.240323
0.066968,2,61.387935
0.051094,4,61.654594
-0.0186,3,61.848145
0.026274,2,61.972522
0.050866,2,62.088106
0.035502,4,62.34987
0.016625,3,62.540112
-0.044418,7,62.990215
0.043348,2,63.122314
-0.017545,5,63.4453
-0.109783,3,63.625138
-0.007009,3,63.819213
-0.094938,1,63.888138
-0.013682,4,64.157797
-0.010757,1,64.225197
-0.012542,5,64.529659
-0.124431,2,64.666358
0.012108,2,64.798672
-0.053209,5,65.119868
0.017216,3,65.312996
-0.013389,2,65.45266
-0.049401,3,65.646923
-0.022674,3,65.834548
-0.052026,3,66.037982
-0.012448,6,66.430742
0.020406,6,66.819497
-0.00497,4,67.077889
-0.053531,1,67.1568
-0.044919,1,67.216989
-0.0027,11,67.886154
-0.024009,2,68.004035
0.029498,2,68.133889
-0.011373,6,68.512676
0.008329,2,68.63924
-0.01893,4,68.889459
0.004115,2,69.030048
0.062855,2,69.144598
0.006076,2,69.275632
-0.06446,4,69.52884
-0.056353,3,69.724087
-0.088233,1,69.783689
-0.068867,2,69.913247
-0.00102,3,70.103626
-0.00637,3,70.299477
-0.171822,4,70.542289
0.111908,2,70.670764
-0.02704,2,70.797904
-0.002515,2,70.931942
0.024251,4,71.179605
0.118724,3,71.377281
0.023275,1,71.439981
-0.105229,2,71.573106
-0.09344,2,71.709848
-0.001099,3,71.897975
0.011374,3,72.078909
0.037896,6,72.485433
-0.012289,4,72.736493
-0.039894,4,72.99241
0.013608,6,73.37458
-0.116285,4,73.639206
0.017695,6,73.994134
-0.05058,5,74.32977
-0.064527,3,74.535942
-0.029925,1,74.598665
-0.048632,4,74.852255
-0.003695,5,75.167068
0.024672,4,75.397377
0.010722,4,75.645471
0.08903,1,75.714452
-0.0716,6,76.105098
0.016918,2,76.229526
-0.000917,4,76.484789
0.0394,2,76.626446
0.005167,4,76.89722
0.040954,3,77.069453
0.011501,2,77.201243
0.022839,4,77.435484
-0.046884,3,77.619134
-0.118043,2,77.764178
0.026467,5,78.072949
0.003041,1,78.136091
-0.064347,5,78.481482
-0.011441,6,78.866372
0.039631,1,78.925186
0.012629,1,78.985656
-0.040163,3,79.185013
-0.023287,3,79.366366
-0.019302,2,79.494273
-0.06192,4,79.76827
-0.092696,3,79.992433
0.044519,5,80.308653
-0.020947,1,80.367825
-0.079025,4,80.630594
-0.170779,1,80.695935
-0.052544,6,81.072649
-0.014472,3,81.272828
0.024351,3,81.488882
-0.047765,2,81.616151
-0.038539,3,81.82513
0.015904,2,81.952214
-0.02946,5,82.277927
0.100534,4,82.548932
0.059936,2,82.685135
-0.018907,6,83.09157
-0.005959,1,83.159582
-0.020763,1,83.22338
0.02581,2,83.39379
-0.014046,4,83.633799
-0.003627,3,83.868259
0.00559,2,83.996841
0.004083,1,84.058003
-0.067935,1,84.129066
0.042685,3,84.329025
-0.015202,2,84.449769
-0.044746,5,84.760526
0.005821,4,85.027008
-0.106423,4,85.296207
0.020446,4,85.556796
-0.009497,4,85.819571
0.030818,4,86.076908
-0.137712,4,86.342504
-0.004,2,86.459003
0.002198,1,86.526669
-0.147436,1,86.591171
-0.017083,2,86.727963
-0.030462,2,86.876286
-0.114246,1,86.931037
0.021613,4,87.185067
0.011748,1,87.25414
0.016663,2,87.39915
0.040767,3,87.613394
-0.031027,2,87.734179
-0.004767,4,87.972831
0.015196,4,88.237139
-0.034011,3,88.426933
-0.007486,3,88.60007
-0.037652,4,88.853563
-0.066599,5,89.164963
0.008691,3,89.352459
-0.023771,4,89.609313
-0.044584,4,89.866248
0.010135,2,90.014567
-0.097632,1,90.068819
0.025463,4,90.323657
0.025194,4,90.579722
0.023583,2,90.699333
0.067498,1,90.768589
0.076626,2,90.889692
0.018822,5,91.221021
-0.00954,3,91.417403
-0.019177,3,91.608319
-0.026683,1,91.680458
0.00733,3,91.872091
-0.022992,3,92.071271
-0.00284,3,92.287956
-0.065676,1,92.361698
0.018207,2,92.498738
-0.129882,2,92.61959
-0.015077,8,93.132111
0.034149,8,93.626933
-0.003266,3,93.825965
0.035991,4,94.075794
-0.05854,3,94.254517
-0.003738,4,94.509272
-0.050636,1,94.596696
-0.013397,2,94.722583
-0.002688,6,95.099693
-0.037118,2,95.220213
-0.007326,4,95.478923
-0.064305,2,95.606068
0.008218,1,95.66549
-0.023399,3,95.869353
0.013692,2,96.005195
-0.027479,2,96.126613
-0.103616,4,96.441734
-0.042192,2,96.633227
0.021415,5,96.974761
-0.007538,5,97.371883
0.040131,2,97.499418
0.029408,1,97.563532
-0.01783,1,97.632026
-0.015336,6,98.024568
-0.006615,2,98.15094
0.008607,2,98.296702
-0.279995,3,98.47699
-0.152309,3,98.660629
0.005301,2,98.798242
0.015764,5,99.097043
-0.025786,2,99.230868
0.000613,5,99.568277
0.020637,8,100.125215
0.015553,10,100.829437
-0.086156,4,101.086071
-0.01418,2,101.235945
0.012082,5,101.580744
0.040691,3,101.786979
0.069566,2,101.917002
-0.024304,4,102.169293
0.012956,2,102.300401
0.046809,5,102.595093
0.01498,4,102.934414
-0.002485,3,103.148727
-0.072403,4,103.412499
-0.16515,4,103.652123
-0.049726,4,103.906594
0.028693,4,104.1641
-0.050669,4,104.42493
-0.049308,6,104.828649
0.029199,1,104.902557
-0.069726,2,105.033792
0.04753,1,105.099543
-0.056928,2,105.236222
-0.000111,3,105.430793
-0.002723,5,105.739302
0.012205,4,105.987192
0.138398,3,106.186878
0.001263,10,106.815741
-0.097724,1,106.896343
0.057063,4,107.174259
0.054749,2,107.325312
0.008105,3,107.52549
0.028016,3,107.720074
0.015862,3,107.895351
-0.052266,5,108.221219
-0.006896,4,108.476479
0.02856,3,108.694195
0.0523,5,109.072295
-0.139467,8,109.558323
-0.031753,2,109.688229
0.024961,3,109.898173
-0.016586,2,110.034071
-0.019605,3,110.233755
-0.030111,5,110.533986
-0.027005,16,111.57996
-0.062293,4,111.831295
-0.050225,2,111.964885
-0.028132,2,112.106766
-0.016241,2,112.236247
0.013416,6,112.611027
-0.008455,2,112.753826
-0.092558,3,112.94771
0.140846,2,113.084663
0.009639,8,113.57446
-0.012799,4,113.842088
0.180314,4,114.123263
-0.035114,2,114.255611
-0.024099,2,114.373059
0.057505,3,114.588086
0.013508,3,114.775626
0.002989,4,115.037506
0.012939,1,115.110327
0.026927,3,115.285432
-0.108771,6,115.677558
0.006688,5,116.01556
-0.139165,1,116.085479
0.05172,1,116.162759
0.035492,4,116.417131
0.061383,2,116.553253
0.035366,4,116.782062
0.010864,2,116.904315
0.021702,4,117.160376
-0.003636,3,117.354486
0.065359,7,117.821237
0.012011,6,118.211821
0.012715,3,118.386046
-0.154641,4,118.660043
-0.018965,3,118.854743
-0.014699,4,119.12155
-0.031037,1,119.1994
-0.010019,7,119.622706
-0.144794,3,119.820995
0.023875,3,120.011188
-0.024467,6,120.40005
-0.257236,5,120.717501
-0.042718,2,120.857921
0.00569,2,120.976138
-0.176592,7,121.422346
0.029743,5,121.746842
0.01782,4,122.008619
0.056617,4,122.273674
0.018374,7,122.740717
-1e-05,2,122.857019
-0.100787,6,123.24276
0.029179,3,123.436032
0.002433,3,123.653337
-0.03944,2,123.783834
0.028149,5,124.106462
0.024091,2,124.234187
0.011274,7,124.679445
0.009969,3,124.887598
-0.088544,6,125.283947
0.062485,3,125.484679
0.010145,4,125.743045
-0.00783,6,126.131582
0.025283,5,126.441499
-0.062853,5,126.751096
-0.003349,7,127.219694
0.030784,4,127.492949
0.014387,6,127.864049
0.002378,2,127.989574
-0.057479,1,128.05729
-0.02387,4,128.321364
-0.097758,2,128.472956
-0.101991,1,128.541654
-0.015568,3,128.722485
-0.097107,5,129.047497
-0.005944,5,129.384232
-0.091757,3,129.588329
0.017383,1,129.652722
0.003769,7,130.119718
-0.113797,3,130.310378
0.030101,2,130.426648
-0.023913,5,130.744758
0.016869,3,130.94242
-0.002534,5,131.265336
-0.030151,1,131.337381
-0.07645,3,131.526353
-0.144628,3,131.729012
0.068117,2,131.865392
0.068302,2,131.994232
0.012332,6,132.351064
-0.014845,3,132.546781
0.002816,6,132.941301
0.015731,2,133.093282
0.055495,5,133.444771
-0.154644,3,133.67784
0.034202,2,133.849358
0.00999,6,134.302645
0.068282,7,134.77975
-0.061933,1,134.843891
0.061608,3,135.028001
0.033017,1,135.086598
-0.015195,8,135.702062
0.001979,3,135.888659
0.036241,2,136.040316
-0.040369,2,136.17758
-0.023628,6,136.561225
0.019862,5,136.896127
-0.005213,2,137.048136
0.046591,5,137.377328
-0.025584,6,137.784039
0.017662,3,137.989587
-0.050562,1,138.054227
-0.049719,5,138.384904
0.052686,5,138.700553
-0.06165,1,138.774305
0.016594,3,138.973505
-0.01978,9,139.550002
0.033761,4,139.806996
0.006347,5,140.134292
-0.073293,4,140.408519
-0.001457,6,140.804651
0.017574,3,140.998204
0.017446,1,141.068208
-0.039647,3,141.269463
-0.207106,4,141.529182
-0.005917,2,141.667189
-0.017046,3,141.860775
0.005502,6,142.236526
-0.075024,2,142.381069
-0.063883,2,142.494827
-0.040533,3,142.700489
0.018936,2,142.820401
-0.018938,5,143.152336
-0.041155,5,143.522234
-0.093921,1,143.59217
0.001825,1,143.664514
-0.000971,2,143.783496
-0.023459,4,144.03664
0.037099,4,144.282987
0.008837,2,144.433908
0.000836,4,144.676061
0.017378,1,144.750148
0.031988,4,145.006457
-0.082791,2,145.150448
-0.036122,10,145.794477
-0.006847,2,145.938989
-0.002986,1,146.003601
-0.017323,4,146.275688
0.020276,4,146.536582
-0.018195,2,146.664423
-0.001045,2,146.799076
-0.012859,2,146.931369
0.003234,2,147.06037
-0.027815,4,147.303136
-0.000112,8,147.806598
-0.004147,5,148.124003
-0.005205,2,148.256115
0.016666,2,148.403314
-0.051559,4,148.648332
-0.064226,3,148.846454
0.001294,8,149.341468
-0.032665,1,149.399992
-0.044542,4,149.675093
-0.060281,4,149.934367
-0.020362,1,149.993453
-0.004191,5,150.328528
0.042011,5,150.674016
-0.1413,2,150.806179
-0.054891,1,150.884044
0.032192,2,151.011477
0.021607,3,151.198542
-0.070475,3,151.39863
-0.025168,1,151.468453
-0.013556,4,151.70488
-0.031088,2,151.83902
0.001682,2,151.970806
0.001416,5,152.309732
0.01858,6,152.696069
-0.066343,5,153.017229
-0.133657,3,153.227438
0.003065,4,153.490694
-0.046997,3,153.689246
0.025927,2,153.811896
-0.071499,2,153.945657
0.014591,3,154.153221
-0.000659,2,154.281547
0.055787,3,154.51006
0.033296,7,154.972645
0.031617,2,155.103015
-0.002469,2,155.239808
-0.040491,1,155.303388
-0.145501,2,155.434759
-0.055998,2,155.560957
-0.018296,4,155.842034
-0.013183,6,156.212696
0.103666,4,156.468205
0.021275,4,156.737127
0.006257,4,157.016496
0.000191,7,157.463552
-0.036376,4,157.709373
0.020639,7,158.160824
6e-05,2,158.284575
-0.020271,5,158.610833
-0.065318,5,158.91665
-0.0407,3,159.111178
-0.025141,3,159.312538
-0.034813,2,159.443523
0.002205,2,159.568366
0.04165,5,159.907199
-0.020803,4,160.168153
-0.013336,3,160.353625
0.018815,7,160.819949
-0.027276,2,160.951229
0.029685,2,161.093544
0.012576,4,161.386221
-0.016383,2,161.518032
0.074703,3,161.700192
-0.034297,3,161.880521
-0.001588,1,161.953452
0.039061,1,162.018264
0.031769,5,162.326607
0.001184,1,162.403672
-0.038903,2,162.53801
0.017421,4,162.82447
0.03745,1,162.89193
0.003184,3,163.091605
-0.000152,5,163.397883
-0.052395,3,163.614352
0.003844,3,163.803028
-0.000527,3,163.997351
0.181623,5,164.325101
-0.013044,6,164.702369
-0.101035,2,164.835158
-0.003343,4,165.091866
0.00125,1,165.15814
-0.017298,4,165.412514
0.002027,4,165.699471
0.077432,2,165.855262
0.186674,3,166.063552
-0.010592,2,166.221982
0.02433,1,166.285253
0.002822,2,166.416352
0.045302,5,166.738942
0.004119,5,167.05166
-0.009908,3,167.272253
0.009366,2,167.406604
-0.039527,5,167.746938
0.044508,2,167.87805
0.018951,8,168.410063
-0.05299,2,168.538988
0.028754,1,168.608274
-0.031749,2,168.744805
0.011149,9,169.331704
0.047084,4,169.602019
0.004644,5,169.930772
-0.067607,2,170.070891
-0.092858,5,170.420983
0.036524,2,170.553334
-0.061139,5,170.87791
-0.008841,1,170.944149
0.000257,9,171.538474
-0.029196,7,171.965329
0.022168,2,172.092739
-0.024859,3,172.29308
-0.092172,5,172.638733
-0.073848,3,172.845295
0.045229,4,173.102526
0.119096,4,173.357763
-0.013487,1,173.430863
-0.035138,1,173.508722
0.161544,2,173.661435
-0.05555,1,173.725773
0.013283,3,173.928184
-0.006825,3,174.123119
-0.006732,4,174.381288
-0.042944,1,174.447253
-0.018496,1,174.521604
-0.109093,3,174.727803
0.033165,2,174.868007
0.007194,2,174.995754
-0.000266,3,175.192061
-0.000573,1,175.270949
0.029931,3,175.485017
0.024529,2,175.620518
0.012435,4,175.891663
-0.015118,1,175.966316
-0.037551,2,176.092061
-0.002162,1,176.177845
-0.037961,2,176.311185
0.014765,2,176.440345
0.002643,4,176.704884
-0.020919,15,177.68015
-0.003079,1,177.755392
-0.099038,4,178.005714
0.010614,3,178.200093
0.012962,5,178.523782
-0.003541,3,178.708405
-0.004901,5,179.036992
-0.029302,4,179.315819
-0.005851,2,179.438038
0.03262,2,179.569122
-0.002312,5,179.904194
0.026218,8,180.41773
-0.022638,6,180.796993
0.002891,3,181.005637
0.000716,5,181.363446
-0.003956,6,181.758332
-0.003587,4,182.026747
0.076808,5,182.357595
0.029924,3,182.564404
-0.013657,5,182.886722
-0.014373,2,183.010159
0.011267,6,183.379077
0.014818,6,183.761382
7.4e-05,6,184.175373
0.004585,4,184.442289
0.024935,6,184.827071
-1.2e-05,5,185.185204
-0.044584,2,185.311074
0.140282,1,185.38613
-0.057262,2,185.510177
0.000131,2,185.64786
-0.013007,4,185.901885
0.02122,4,186.168619
-0.02491,6,186.575223
0.038309,1,186.631866
0.001203,4,186.907288
-0.194729,2,187.049649
0.041486,7,187.502924
-0.030969,2,187.642093
-0.017389,3,187.836522
-0.163645,2,187.980323
0.036982,5,188.300714
-0.013172,3,188.504294
0.041653,3,188.686052
-0.025064,2,188.826319
-0.000146,6,189.21244
-0.011987,2,189.334623
0.004923,4,189.588997
0.071699,2,189.721267
-0.029868,1,189.770527
-0.044013,3,189.983459
-0.040141,3,190.156959
-0.010326,1,190.226758
-0.000959,3,190.441894
0.022216,3,190.647949
0.068107,3,190.832819
0.005386,3,191.027928
-0.061171,3,191.240735
0.005939,4,191.502579
-0.017236,1,191.563453
0.032697,5,191.891686
-0.008962,4,192.152459
-0.087222,2,192.28139
0.000296,3,192.478869
0.007792,2,192.608984
-0.052288,6,192.983867
-6.4e-05,2,193.126966
0.049515,3,193.32777
0.030265,2,193.45802
-0.02369,2,193.570546
0.064688,4,193.848625
-0.024677,1,193.917722
-0.001133,4,194.196593
-0.023275,2,194.321979
0.003517,1,194.395998
0.03394,2,194.5316
0.016009,6,194.916356
-0.0059,5,195.246842
-0.11842,5,195.618143
-0.022281,3,195.848172
-0.024059,4,196.132037
0.001296,3,196.339665
0.070498,4,196.59748
0.00151,8,197.136912
0.014599,4,197.395949
0.002736,3,197.599273
-0.023421,2,197.74231
-0.017872,2,197.878353
-0.026103,3,198.073153
-0.02899,5,198.43721
-0.075927,1,198.498861
-0.006327,2,198.629928
-0.052132,3,198.853281
-0.048493,2,198.975775
-0.090771,1,199.044513
-0.013404,4,199.32375
0.015303,2,199.448398
-0.052312,4,199.731831
0.080496,1,199.792916
-0.039721,1,199.852092
-0.039596,3,200.048965
-0.003602,5,200.383502
-0.019476,3,200.574361
0.046823,3,200.759937
-0.044132,1,200.840193
0.04678,5,201.179909
0.010539,7,201.640611
-0.104261,5,201.961196
-0.023081,3,202.173605
0.037034,4,202.41951
0.007166,4,202.691977
-0.003197,4,202.958698
-0.027264,4,203.20322
-0.046833,3,203.409089
0.014704,3,203.624794
0.001546,3,203.81676
0.016557,10,204.470082
-0.014752,5,204.812691
0.051502,3,205.022495
0.001489,4,205.266511
0.009305,1,205.340005
0.071944,8,205.89428
-0.052347,6,206.292451
-0.008956,4,206.565249
-0.194402,3,206.746394
-0.046538,3,206.945274
0.045704,3,207.151932
0.016876,1,207.236861
0.02738,4,207.485827
0.084461,4,207.756191
-0.001532,2,207.884676
-0.0472,3,208.097158
0.025595,5,208.443071
0.040358,3,208.655635
0.00864,2,208.769055
0.002746,3,208.978626
0.010696,3,209.169612
0.028862,5,209.493302
0.079113,3,209.712375
0.014183,2,209.821969
0.016281,1,209.899756
-0.059993,7,210.361624
0.034926,4,210.609668
-0.016324,7,211.07019
-0.028176,4,211.329132
-0.019962,3,211.515257
-0.051824,5,211.840309
-0.068587,4,212.10666
-0.038292,2,212.234554
-0.058253,2,212.361233
-0.045407,5,212.68463
-0.001182,2,212.824391
0.052206,3,213.06261
-0.036416,3,213.282919
-0.066471,5,213.603422
0.165378,1,213.672109
-0.024176,1,213.751062
0.055433,3,213.963816
-0.003684,7,214.437209
-0.013644,6,214.835964
-0.268164,2,214.965404
-0.041769,1,215.029545
0.001144,11,215.752701
0.052754,4,216.009593
-0.037611,4,216.27988
0.005063,7,216.732242
0.039216,5,217.064879
0.017926,2,217.200391
-0.016363,1,217.275097
-0.025626,1,217.336094
0.061778,4,217.594637
0.046744,6,217.985958
0.06264,6,218.3726
-0.050161,2,218.499278
-0.040729,3,218.697986
-0.00055,2,218.819824
-0.008615,8,219.360962
-0.105027,3,219.565255
-0.004757,4,219.823604
-0.051954,1,219.89487
-0.063908,3,220.082447
-0.172365,3,220.269428
-0.041076,1,220.344684
0.001093,9,220.893523
-0.189978,4,221.162456
-0.019647,2,221.28309
-0.006086,4,221.553708
-0.058164,1,221.617696
-0.012576,1,221.674448
-0.047182,4,221.945549
-0.298876,3,222.150735
-0.080988,4,222.442192
0.026745,2,222.579832
0.037276,1,222.644261
-0.013035,7,223.106553
0.036866,2,223.236944
0.108246,2,223.382524
0.021509,5,223.701667
0.011844,4,223.98301
-0.059267,3,224.191358
0.006212,1,224.252824
0.003693,4,224.509509
0.099258,2,224.64561
-0.018919,2,224.793561
0.02097,6,225.208017
0.064744,3,225.417372
0.031369,3,225.596439
-0.010514,3,225.781773
-0.022822,1,225.860328
0.00032,6,226.270216
0.014917,2,226.42892
-0.030162,5,226.757615
-0.062013,3,226.950661
-0.039533,6,227.346513
-0.024184,1,227.411808
0.070207,4,227.678036
-0.003163,8,228.244577
0.026605,5,228.57262
-0.008133,5,228.908461
0.009496,3,229.104251
-0.062407,2,229.243691
0.032705,5,229.55944
0.003135,2,229.691978
-0.047882,5,230.017126
0.055777,4,230.296711
-0.034989,3,230.499035
0.050801,3,230.699655
-0.058915,1,230.769851
0.016445,6,231.154471
-0.012216,5,231.509071
-0.021428,4,231.759794
-0.019812,2,231.900436
0.050274,3,232.098614
-0.004389,2,232.219411
0.03305,4,232.461625
0.0088,2,232.607749
-0.0504,1,232.686402
-0.007742,2,232.821461
-0.114862,4,233.083489
-0.016013,3,233.273692
0.00242,6,233.673849
0.001064,4,233.923067
0.007363,1,233.992996
-0.169109,2,234.111856
0.063168,2,234.24225
-0.037887,5,234.575509
0.046215,1,234.645504
-0.071451,5,234.9591
-0.012289,4,235.237809
0.118862,6,235.62343
-0.041369,3,235.809391
-0.208237,3,236.009648
-0.000262,7,236.467964
0.074472,3,236.667945
-0.025667,3,236.863077
0.079362,3,237.086621
-0.022812,3,237.277883
-0.040647,2,237.431282
-0.10825,1,237.495431
0.048681,4,237.767124
0.020362,7,238.23283
-0.078551,3,238.445914
0.000575,2,238.59115
0.000129,7,239.089163
0.008395,1,239.182439
0.046152,3,239.370842
-0.002246,2,239.503937
0.046819,1,239.582043
0.015366,5,239.924912
-0.038616,10,240.578421
0.060085,1,240.633787
0.025714,1,240.699702
0.013928,3,240.912467
0.010829,6,241.297299
-0.017058,4,241.558013
-0.003329,6,241.949132
0.059749,5,242.270382
-0.006843,2,242.423819
-0.058461,1,242.49828
0.013484,2,242.625506
0.041733,3,242.812364
-0.136051,6,243.232809
0.022206,4,243.491184
-0.239516,4,243.826684
-0.075056,5,244.194145
-0.027579,4,244.464616
-0.028409,4,244.744686
-0.034671,5,245.029699
0.043742,4,245.305303
-0.012459,6,245.673749
0.084962,1,245.738214
-0.011584,1,245.821141
-0.03171,5,246.138039
-0.026938,2,246.289831
-0.020954,1,246.355664
-0.057641,2,246.480445
0.001567,3,246.80128
-0.036259,3,246.972877
0.019508,7,247.431986
-0.027848,1,247.499651
-0.018154,7,247.928717
0.020191,4,248.193758
-0.014239,2,248.314202
-0.009835,6,248.723165
-0.004208,2,248.881668
0.018692,3,249.08299
0.027555,5,249.412526
-0.016064,5,249.737214
0.00322,1,249.806647
-0.020379,4,250.071662
-0.084628,3,250.279141
-0.022344,2,250.414631
0.05886,2,250.539298
-0.118186,4,250.794968
0.036841,6,251.174383
0.007386,2,251.292299
-0.085588,2,251.432928
-0.06646,4,251.695142
-0.138838,3,251.867315
0.022221,6,252.250616
0.023974,1,252.32528
-0.018358,4,252.581903
-0.024178,8,253.132772
-0.012635,4,253.380388
0.003941,2,253.528142
-0.020822,4,253.786491
-0.003794,2,253.916127
0.009872,1,253.975673
0.001401,3,254.183311
-0.0026,8,254.707493
-0.022468,8,255.256212
-0.02019,3,255.470187
0.036897,2,255.595706
-0.030871,1,255.662614
-0.002078,1,255.735343
0.068247,4,256.00688
-0.025336,3,256.217525
-0.013536,5,256.530274
-0.013111,4,256.808715
0.058065,2,256.941576
0.049893,1,257.011101
-0.111912,3,257.224758
0.08293,4,257.497357
-0.002948,3,257.697635
0.185712,1,257.776669
0.128716,1,257.840981
0.035696,5,258.151867
-0.031051,1,258.216198
0.007477,4,258.460304
0.029015,4,258.729853
0.005244,2,258.861564
-0.041818,9,259.456416
-0.016551,2,259.603552
-0.094447,3,259.782852
0.008477,2,259.917139
0.075673,2,260.05676
0.011469,5,260.355785
0.002101,4,260.616376
-0.032524,5,260.967846
0.001678,2,261.109201
-0.090736,4,261.361232
-0.067425,1,261.421229
0.023965,2,261.555979
0.025105,6,261.93753
0.005672,4,262.203282
-0.014793,5,262.536971
0.033677,5,262.879258
-0.042997,2,263.005047
0.012368,5,263.316945
0.002026,3,263.56529
0.01376,2,263.692048
-0.025271,3,263.899128
0.032667,2,264.026576
-0.023175,4,264.279833
0.072769,4,264.555055
0.104648,1,264.630477
-0.084397,2,264.77705
-0.066095,8,265.317813
-0.013096,1,265.395149
-0.169044,3,265.619147
-0.01659,6,265.998613
-0.032129,5,266.332416
-0.134117,3,266.541939
0.013274,2,266.667078
-0.104927,2,266.813778
-0.167116,4,267.095997
-0.010106,3,267.276239
0.026042,3,267.468573
0.04945,2,267.632451
0.006756,2,267.748663
-0.010898,4,268.011352
-0.003107,1,268.083442
0.088746,5,268.412745
0.019087,3,268.62619
0.065057,5,268.94113
0.044288,2,269.087348
0.025258,4,269.350471
0.100977,4,269.601618
-0.07118,1,269.677224
-0.022288,7,270.145212
-0.017532,7,270.600141
0.119654,2,270.714239
-0.001788,3,270.914583
0.02221,1,270.985315
0.009353,2,271.136984
0.001865,3,271.343445
0.021983,4,271.692272
-0.114271,2,271.878472
-0.045685,2,272.019024
0.025048,4,272.305408
0.022097,1,272.390475
0.017665,4,272.71208
-0.018807,2,272.854662
-0.018056,1,272.932498
-0.025907,1,273.025422
0.062984,5,273.389602
-0.096695,2,273.519028
-0.013786,3,273.713549
-0.026448,4,273.967119
-0.014095,1,274.040835
-0.098412,4,274.318747
-0.138434,2,274.453146
-0.001104,2,274.580313
-0.063054,1,274.645023
-0.029652,3,274.831842
-0.0826,5,275.157706
0.064249,2,275.294438
0.019012,3,275.490302
0.043466,4,275.748966
-0.002074,2,275.880333
-0.004239,3,276.060169
-0.012826,3,276.255003
-0.005891,2,276.368212
0.026095,2,276.501982
-0.003471,6,276.922879
-0.063481,3,277.122051
0.008134,8,277.655535
0.008821,7,278.13281
-0.017399,2,278.334197
-0.036995,2,278.450365
0.047254,2,278.592304
-0.009,6,279.038306
0.012572,2,279.170089
-0.094313,1,279.251309
-0.002984,2,279.387239
0.043204,3,279.564695
-0.096978,4,279.836092
-0.013878,3,280.058784
-0.028581,1,280.121357
-0.001027,2,280.27532
0.053111,6,280.66922
0.057294,5,281.00635
0.026726,4,281.273894
-0.011438,4,281.539004
-0.116834,1,281.628406
-0.006517,3,281.829822
-0.030491,3,282.024473
-0.010576,5,282.358678
0.021589,2,282.496259
-0.020278,1,282.557346
0.011148,2,282.709538
-0.025621,3,282.89931
0.008389,4,283.163547
0.019276,5,283.472152
-0.157777,4,283.759274
-0.049199,3,283.972575
0.029647,2,284.114952
-0.032182,1,284.184194
0.130388,5,284.517426
0.000969,3,284.707658
-0.021464,2,284.837283
-0.051658,3,285.069516
-0.085663,4,285.371713
-0.017879,2,285.535528
-0.003028,7,286.01593
0.012313,2,286.150858
-0.023352,1,286.2586
0.008014,1,286.332315
-0.027176,2,286.505272
-0.020548,2,286.629501
0.017216,4,286.953817
-0.023737,6,287.330472
0.022408,3,287.545764
-0.010323,5,287.849615
-0.05148,5,288.224852
0.001733,3,288.412628
-0.072967,2,288.558152
0.019039,5,288.874509
-0.078039,2,289.000898
-0.036146,6,289.396239
0.006302,7,289.858265
0.007991,4,290.107399
0.027907,2,290.231697
-0.030333,1,290.312677
0.014218,6,290.703049
-0.091917,1,290.767218
0.002396,2,290.914099
0.005601,3,291.104592
0.074266,6,291.504239
-0.010998,2,291.633343
0.046433,1,291.703809
-0.011309,1,291.778122
0.005372,6,292.147087
-0.054255,3,292.333929
-0.004088,6,292.868274
0.01812,3,293.064549
-0.088685,6,293.538496
0.021034,2,293.68101
-0.034943,3,293.908959
-0.022126,1,293.969431
0.137202,3,294.186054
-0.003042,2,294.330231
0.010884,10,295.113112
0.010429,2,295.260745
0.002414,3,295.465486
0.007668,5,295.834228
0.021658,3,296.059928
0.015723,2,296.20514
-0.032959,3,296.40071
0.195023,1,296.472258
0.016508,2,296.608333
0.009029,4,296.928565
0.025594,1,296.987318
-0.229803,6,297.398816
-0.003526,2,297.534967
0.054695,3,297.78818
-0.076242,4,298.108232
-0.009081,8,298.752415
-0.012806,1,298.832481
-0.016675,4,299.093621
0.014898,3,299.294334
0.032227,5,299.635551
-0.191682,4,299.920855
0.048217,4,300.195069
0.025051,5,300.500166
-0.01726,1,300.564351
-0.057825,3,300.753159
0.150899,5,301.149249
0.074267,3,301.35916
-0.029916,1,301.425062
0.016503,2,301.575308
-0.018271,8,302.133941
-0.01147,7,302.606106
0.003093,1,302.675696
0.063135,1,302.75537
-0.017427,8,303.258462
0.091244,6,303.66014
0.004267,3,303.866701
0.041682,1,303.95133
0.029779,3,304.186986
0.04947,1,304.266161
0.037049,5,304.587943
-0.023063,2,304.725012
-0.106901,2,304.851111
-0.028575,5,305.202766
-0.021597,1,305.274172
0.032958,2,305.41474
0.000323,4,305.739323
0.163913,2,305.894986
-0.022039,2,306.053531
-0.015516,9,306.722603
-0.046329,2,306.852757
0.171193,2,306.990986
-0.043952,4,307.260817
-0.121589,2,307.409538
0.008665,5,307.729391
-0.031717,4,308.007252
-0.09245,3,308.212316
-0.019492,2,308.367269
-0.014263,2,308.500374
0.012837,5,308.833526
-0.011667,3,309.038677
-0.022771,2,309.161957
0.005354,4,309.45122
-0.027793,2,309.600899
-0.00436,4,309.871189
-0.015116,4,310.153442
0.004044,3,310.367805
0.031751,5,310.689048
-0.031976,3,310.913419
-0.043269,6,311.316486
-0.009587,6,311.676257
0.017028,2,311.818758
0.014697,2,311.948442
0.015229,4,312.20764
0.014151,4,312.47934
-0.053254,3,312.664948
0.030471,2,312.79717
-0.005578,3,313.017449
-0.122302,4,313.277016
-0.159962,2,313.426523
-0.014309,4,313.70497
0.015075,4,313.963001
0.03356,4,314.223517
-0.016398,6,314.622559
-0.035325,4,314.889721
-0.112926,2,315.013573
0.05223,3,315.19805
0.041351,1,315.276303
0.059091,3,315.468997
-0.001849,3,315.678963
-0.045669,3,315.887694
-0.167936,1,315.954678
0.024846,2,316.079563
0.02308,2,316.219494
0.007797,3,316.455584
-0.040771,6,316.858096
-0.026805,8,317.371169
-0.021621,4,317.698818
0.010965,3,317.905176
0.003523,3,318.127903
0.01687,6,318.508583
-0.04627,5,318.854797
0.011907,1,318.919921
-0.059652,4,319.180006
0.02696,1,319.250835
-0.055586,1,319.336341
-0.012859,4,319.653233
0.011274,2,319.807376
0.087317,5,320.138392
0.019002,3,320.344881
-0.049679,1,320.402524
-0.0138,2,320.53153
0.1093,2,320.667005
0.01616,2,320.812873
0.081519,2,320.956317
-0.006851,2,321.101612
-0.000429,4,321.384675
0.005247,3,321.591318
0.016087,6,322.012621
0.054456,6,322.392761
0.00511,3,322.567712
0.006356,2,322.697945
-0.039853,5,323.034165
-0.04073,4,323.345677
-0.00341,1,323.411332
-0.010418,2,323.538006
0.017581,2,323.705636
-0.03568,4,324.008001
-0.058011,3,324.298656
0.050858,2,324.438056
-0.004078,6,324.816129
0.041017,3,325.029846
-0.103373,3,325.236003
-0.059921,6,325.639971
0.034318,4,325.897667
0.140994,2,326.000078
-0.092489,3,326.207154
0.005785,4,326.451794
0.013996,4,326.698501
0.079394,3,326.964227
0.001692,8,327.547305
0.006759,2,327.707579
-0.013143,6,328.209086
-0.012586,4,328.519215
-0.114975,3,328.749821
0.075618,5,329.077046
-0.041689,7,329.550146
-0.001072,5,329.852469
-0.047143,2,329.989134
0.023139,9,330.656738
-0.010226,3,330.854874
0.022941,7,331.355049
-0.112158,3,331.563436
0.010746,3,331.767839
-0.032871,1,331.848302
-0.016351,11,332.620818
-0.017668,4,332.913316
-0.057172,7,333.389795
0.019421,2,333.586924
-0.089399,2,333.726984
0.017711,2,333.850565
-0.124582,3,334.061338
0.033728,1,334.135089
-0.022422,5,334.430312
-0.123824,4,334.714369
0.024229,2,334.854076
0.021024,2,335.014456
-0.108743,2,335.149934
-0.028465,3,335.349036
0.02563,4,335.706817
-0.087716,5,336.071539
0.032078,2,336.249162
-0.029269,1,336.342854
0.02405,3,336.537074
-0.063575,4,336.813746
0.010921,3,337.000548
0.033348,7,337.45595
-0.030642,4,337.699749
-0.013585,4,337.974717
0.015721,1,338.035673
-0.02159,5,338.372861
0.010326,4,338.660966
-0.012189,4,338.943253
0.067545,3,339.145682
-0.042748,2,339.310451
-0.017978,2,339.458477
0.016117,1,339.515464
-0.069633,3,339.734449
-0.021973,1,339.803884
0.037728,5,340.136756
-0.006148,2,340.283735
-0.038229,2,340.417526
0.009463,2,340.547071
0.08661,6,340.975575
0.007826,5,341.338341
-0.024774,2,341.457906
0.013138,1,341.529875
0.017827,3,341.737361
0.058848,3,341.927208
-0.002811,2,342.055265
0.018271,5,342.459951
-0.059337,3,342.674912
0.038874,5,343.009924
0.267033,4,343.294965
0.029033,2,343.415305
-0.104647,4,343.71598
0.001599,2,343.843485
-0.023778,2,344.003438
0.012834,1,344.059626
0.098732,3,344.269569
0.016421,3,344.478336
0.025172,1,344.546867
-0.025151,2,344.719643
0.055453,2,344.875418
0.009169,2,345.074247
0.008349,4,345.376676
-0.032471,2,345.517242
0.041991,6,345.92493
-0.086128,4,346.184408
0.043993,1,346.257488
0.000601,3,346.467138
0.019229,3,346.67706
-0.030035,1,346.74673
-0.001199,3,346.959116
-0.291694,3,347.165811
-0.005356,7,347.637994
-0.023659,4,347.914523
0.021615,1,347.99045
0.019463,5,348.315989
0.035677,2,348.448401
-0.104323,4,348.72263
0.017886,4,348.998704
0.03344,5,349.295568
-0.009948,1,349.375772
-0.000411,2,349.492071
0.021861,5,349.821952
-0.007979,7,350.292501
-0.001795,1,350.373843
-0.0175,6,350.7979
-0.014473,4,351.053141
0.048481,6,351.486217
0.037322,3,351.74101
-0.031369,1,351.811074
0.007018,4,352.070716
-0.003614,7,352.521495
-0.010173,3,352.703424
-0.116441,1,352.766466
-0.010615,5,353.102003
0.066254,2,353.237518
-0.114543,2,353.382151
0.048733,2,353.513247
0.026661,3,353.715972
0.014206,3,353.916973
-0.166454,2,354.050924
0.02558,2,354.188664
-0.031421,1,354.259127
-0.119586,5,354.601559
-0.023137,5,354.916605
-0.006361,7,355.367372
-0.07372,2,355.509129
0.045296,2,355.63471
-0.05542,2,355.771729
0.034858,1,355.842796
-0.011116,3,356.036226
0.019828,7,356.494245
0.016855,6,356.91289
0.009857,7,357.341405
-0.108037,2,357.476591
-0.075968,3,357.672164
0.015481,2,357.784082
-0.013644,5,358.140584
0.005045,6,358.569903
0.037529,6,358.981056
-0.023012,4,359.256132
0.004152,2,359.39043
-0.089605,5,359.731949
0.006413,7,360.16059
0.039338,4,360.401414
-0.005991,3,360.593442
0.016867,6,360.992914
0.013116,5,361.347594
-0.142736,2,361.481261
-0.026395,7,361.938541
0.012569,2,362.077996
0.002899,4,362.343454
-0.010328,7,362.789434
-0.032134,1,362.854671
-0.014012,4,363.147176
0.014663,2,363.271474
-0.011678,1,363.338135
-0.045257,4,363.606068
-0.002385,5,363.92918
-0.036812,3,364.147439
0.014476,4,364.40122
-0.023958,5,364.730077
0.005712,4,365.007299
0.007625,8,365.513023
0.007562,1,365.599494
0.006091,2,365.757194
0.021019,3,365.963717
0.055959,5,366.295778
-0.029747,3,366.493069
0.033991,4,366.755747
0.003583,1,366.81965
0.00201,3,367.019398
0.01104,1,367.07575
0.098827,1,367.165791
0.079963,4,367.449102
-0.09769,1,367.509694
0.027354,3,367.703818
0.045957,4,367.98312
0.134986,5,368.334854
0.013171,2,368.484015
-0.02748,3,368.710733
0.015529,2,368.855918
0.042566,1,368.912053
-0.080023,3,369.114665
-0.077044,2,369.267097
-0.023349,5,369.614915
-0.010094,5,369.960907
-0.00272,3,370.179001
0.04743,2,370.303445
0.204699,2,370.447811
0.018236,1,370.519417
0.0094,2,370.641113
0.003396,3,370.83051
-0.005339,3,371.012313
-0.005302,4,371.290087
0.065231,1,371.34998
-0.05921,3,371.521736
-0.009001,5,371.856654
-0.007086,1,371.922105
-0.103127,2,372.052624
0.014671,1,372.12324
0.013659,7,372.567508
0.027648,3,372.770308
0.056043,8,373.282256
-0.003313,2,373.421948
-0.030413,3,373.605613
0.141881,5,373.935009
0.00654,6,374.307215
-0.023513,4,374.570931
-0.089539,3,374.765479
-0.005499,2,374.90334
-0.009011,5,375.230129
-0.025623,2,375.36224
0.030915,5,375.693566
-0.014894,1,375.767951
0.023723,2,375.893507
-0.027965,7,376.359337
-0.046577,5,376.717737
-0.076942,1,376.78162
0.026415,2,376.899228
0.01327,2,377.028135
0.031879,4,377.290733
-0.036571,2,377.434873
-0.012844,5,377.746063
-0.006239,6,378.147938
0.006927,1,378.213135
0.005763,2,378.342208
-0.024619,2,378.490862
0.021517,2,378.628433
0.01214,4,378.874368
-0.013042,1,378.96333
-0.092563,1,379.038778
0.001156,7,379.482182
-0.274103,3,379.67504
-0.002795,6,380.064332
0.073949,2,380.218521
-0.02632,8,380.72669
